<?xml version="1.0"?>
<Settings component="Explorer" version="4.3.1">
	<TreeStyle value="XPClassic"/>
	<HScrollbar value="Default"/>
	<ShowCaption value="1"/>
	<ShowIcon value="1"/>
	<DisableBreadcrumbs value="1"/>
	<HideSearch value="0"/>
	<ShowUpButton value="DontShow"/>
	<UpIconNormal value="D:\WM Kit\Misc\Navigation Buttons\Windows Classic\New folder\Up.ico"/>
	<UpIconPressed value="D:\WM Kit\Misc\Navigation Buttons\Windows Classic\New folder\Up.ico"/>
	<UpIconHot value="D:\WM Kit\Misc\Navigation Buttons\Windows Classic\New folder\Up.ico"/>
	<UpIconDisabled value="D:\WM Kit\Misc\Navigation Buttons\Windows Classic\New folder\Up.ico"/>
	<UpIconSize value="23"/>
	<UseBigButtons value="0"/>
	<SmallIconSize value="15"/>
	<LargeIconSize value="48"/>
	<ToolbarListMode value="1"/>
	<SameSizeButtons value="1"/>
	<ToolbarItems>
		<Line>Items=BackItem,ForwardItem,UpItem,SEPARATOR,CustomItem,FolderOptionsItem,SEPARATOR,UndoItem,DeleteItem,CustomItem2</Line>
		<Line>BackItem.Command=back</Line>
		<Line>BackItem.Label=Back</Line>
		<Line>BackItem.Tip=$Toolbar.Back</Line>
		<Line>BackItem.Icon=D:\WM Kit\Misc\Navigation Buttons\Windows XP\1.ico</Line>
		<Line>ForwardItem.Command=forward</Line>
		<Line>ForwardItem.Tip=$Toolbar.Forward</Line>
		<Line>ForwardItem.Icon=D:\WM Kit\Misc\Navigation Buttons\Windows XP\2.ico</Line>
		<Line>UpItem.Command=up</Line>
		<Line>UpItem.Tip=$Toolbar.GoUp</Line>
		<Line>UpItem.Icon=D:\WM Kit\Misc\Navigation Buttons\Windows XP\17.ico</Line>
		<Line>UpItem.IconDisabled=D:\WM Kit\Misc\Navigation Buttons\Windows XP\17.ico</Line>
		<Line>CustomItem.Label=Search</Line>
		<Line>CustomItem.Icon=D:\WM Kit\Misc\Navigation Buttons\Windows XP\6.ico</Line>
		<Line>FolderOptionsItem.Command=folderoptions</Line>
		<Line>FolderOptionsItem.Label=Folders</Line>
		<Line>FolderOptionsItem.Tip=$Toolbar.FolderOptions</Line>
		<Line>FolderOptionsItem.Icon=D:\WM Kit\Misc\Navigation Buttons\Windows XP\18.ico</Line>
		<Line>UndoItem.Command=undo</Line>
		<Line>UndoItem.Tip=$Toolbar.Undo</Line>
		<Line>UndoItem.Icon=D:\WM Kit\Misc\Navigation Buttons\Windows XP\19.ico</Line>
		<Line>DeleteItem.Command=delete</Line>
		<Line>DeleteItem.Tip=$Toolbar.Delete</Line>
		<Line>DeleteItem.Icon=D:\WM Kit\Misc\Navigation Buttons\Windows XP\21.ico</Line>
		<Line>CustomItem2.Items=NavPaneItem,DetailsPaneItem,PreviewPaneItem</Line>
		<Line>CustomItem2.Icon=D:\WM Kit\Misc\Navigation Buttons\Windows XP\22.ico</Line>
		<Line>NavPaneItem.Command=nav_pane</Line>
		<Line>NavPaneItem.Tip=$Toolbar.NavigationPane</Line>
		<Line>NavPaneItem.Icon=D:\WM Kit\Misc\Navigation Buttons\Windows XP\23.ico</Line>
		<Line>DetailsPaneItem.Command=details_pane</Line>
		<Line>DetailsPaneItem.Tip=$Toolbar.DetailsPane</Line>
		<Line>DetailsPaneItem.Icon=D:\WM Kit\Misc\Navigation Buttons\Windows XP\24.ico</Line>
		<Line>PreviewPaneItem.Command=preview_pane</Line>
		<Line>PreviewPaneItem.Tip=$Toolbar.PreviewPane</Line>
		<Line>PreviewPaneItem.Icon=D:\WM Kit\Misc\Navigation Buttons\Windows XP\25.ico</Line>
	</ToolbarItems>
	<OverwriteAlertLevel value="ReadOnlyFiles"/>
	<EnableMore value="0"/>
	<FileExplorer value="0"/>
</Settings>
