<?xml version="1.0"?>
<Settings component="Explorer" version="4.3.1">
	<TreeStyle value="XPClassic"/>
	<ShowCaption value="1"/>
	<ShowIcon value="1"/>
	<DisableBreadcrumbs value="1"/>
	<HideSearch value="0"/>
	<ShowUpButton value="DontShow"/>
	<UpIconNormal value="D:\WM Kit\Misc\Navigation Buttons\Windows Classic\New folder\Up.ico"/>
	<UpIconPressed value="D:\WM Kit\Misc\Navigation Buttons\Windows Classic\New folder\Up.ico"/>
	<UpIconHot value="D:\WM Kit\Misc\Navigation Buttons\Windows Classic\New folder\Up.ico"/>
	<UpIconDisabled value="D:\WM Kit\Misc\Navigation Buttons\Windows Classic\New folder\Up.ico"/>
	<UpIconSize value="23"/>
	<UseBigButtons value="1"/>
	<LargeIconSize value="23"/>
	<ToolbarListMode value="1"/>
	<SameSizeButtons value="1"/>
	<ToolbarItems>
		<Line>Items=UpItem,CutItem,CopyItem,PasteItem,DeleteItem,CustomItem</Line>
		<Line>UpItem.Command=up</Line>
		<Line>UpItem.Tip=$Toolbar.GoUp</Line>
		<Line>UpItem.Icon=D:\WM Kit\Misc\Navigation Buttons\Windows Classic\New folder\Up2.ico</Line>
		<Line>UpItem.IconDisabled=D:\WM Kit\Misc\Navigation Buttons\Windows Classic\New folder\Up3.ico</Line>
		<Line>CutItem.Command=cut</Line>
		<Line>CutItem.Tip=$Toolbar.Cut</Line>
		<Line>CutItem.Icon=D:\WM Kit\Misc\Navigation Buttons\Windows Classic\New folder\cut.ico</Line>
		<Line>CopyItem.Command=copy</Line>
		<Line>CopyItem.Tip=$Toolbar.Copy</Line>
		<Line>CopyItem.Icon=D:\WM Kit\Misc\Navigation Buttons\Windows Classic\New folder\copy.ico</Line>
		<Line>PasteItem.Command=paste</Line>
		<Line>PasteItem.Tip=$Toolbar.Paste</Line>
		<Line>PasteItem.Icon=D:\WM Kit\Misc\Navigation Buttons\Windows Classic\New folder\paste.ico</Line>
		<Line>DeleteItem.Command=delete</Line>
		<Line>DeleteItem.Tip=$Toolbar.Delete</Line>
		<Line>DeleteItem.Icon=D:\WM Kit\Misc\Navigation Buttons\Windows Classic\New folder\delete.ico</Line>
		<Line>CustomItem.Link=::{20D04FE0-3AEA-1069-A2D8-08002B30309D}</Line>
		<Line>CustomItem.Label=Search</Line>
		<Line>CustomItem.Icon=D:\WM Kit\Misc\Navigation Buttons\Windows Classic\New folder\search.ico</Line>
	</ToolbarItems>
	<OverwriteAlertLevel value="ReadOnlyFiles"/>
	<EnableMore value="0"/>
	<FileExplorer value="0"/>
</Settings>
